scorer,AndreTelfer,AndreTelfer,AndreTelfer,AndreTelfer,AndreTelfer,AndreTelfer,AndreTelfer,AndreTelfer,AndreTelfer,AndreTelfer,AndreTelfer,AndreTelfer,AndreTelfer,AndreTelfer,AndreTelfer,AndreTelfer,AndreTelfer,AndreTelfer,AndreTelfer,AndreTelfer,AndreTelfer,AndreTelfer,AndreTelfer,AndreTelfer,AndreTelfer,AndreTelfer,AndreTelfer,AndreTelfer,AndreTelfer,AndreTelfer,AndreTelfer,AndreTelfer
bodyparts,nose,nose,left-ear,left-ear,right-ear,right-ear,left-eye-top,left-eye-top,left-eye-bottom,left-eye-bottom,left-eye-front,left-eye-front,left-eye-back,left-eye-back,right-eye-top,right-eye-top,right-eye-bottom,right-eye-bottom,right-eye-front,right-eye-front,right-eye-back,right-eye-back,tail-base,tail-base,left-rear-paw,left-rear-paw,right-rear-paw,right-rear-paw,left-front-paw,left-front-paw,right-front-paw,right-front-paw
coords,x,y,x,y,x,y,x,y,x,y,x,y,x,y,x,y,x,y,x,y,x,y,x,y,x,y,x,y,x,y,x,y
labeled-data/2020-06-07/rat2-control1_frame03422.png,629.3966760452229,503.5660845099418,,,,,,,,,,,,,,,,,,,,,643.0459066033042,201.0081404724732,,,,,,,719.2541105525913,421.6707011614541
labeled-data/2020-06-07/rat2-control1_frame05480.png,336.7216721851463,294.1040590849044,514.3366595755631,130.02164216232893,,,419.91177298784584,227.8598700168993,424.7436730523854,241.57201884870076,409.20323770967707,238.82958908234048,435.7133921178266,229.81874842144236,,,,,,,,,761.3060706136664,297.4872017018647,,,,,,,,
labeled-data/2020-06-07/rat2-control1_frame06725.png,,,140.17258033679593,94.03454977444402,,,62.02702099498165,118.98048180930554,60.14004318475093,133.8543069017124,45.04422070290517,124.30841915583935,73.45988655108542,128.52636955517858,,,,,,,,,407.78984842766215,223.72707543447314,,,,,,,,
labeled-data/2020-06-07/rat2-control1_frame07103.png,,,,,,,,,,,,,,,,,,,,,,,474.2204729880423,297.0276981934842,,,,,,,,
labeled-data/2020-06-07/rat2-control1_frame12307.png,107.89776067391884,359.6565413169299,200.24150783309588,86.87098936395864,63.31802066604027,62.45827459773943,152.4775006817974,230.16301081785406,164.153146874337,245.02292415381356,148.23181115723756,249.26861367837347,166.27599163661696,223.79447653101425,69.68655495288004,228.04016605557416,52.703796854640615,245.02292415381356,70.74797733402002,246.08434653495357,54.82664161692054,223.79447653101425,,,,,,,,,,
labeled-data/2020-06-07/rat2-control1_frame12586.png,123.12881590008408,397.21730515191547,242.2593551098836,46.52678035306832,56.11788759457187,35.358292302149664,193.86257355590254,221.49975981746127,214.71041791761746,261.7063168007686,188.65061246547378,257.2389215804011,217.6886813978624,231.92368199831873,80.68856130659299,214.79866698691006,53.139624114326864,243.09217004923744,79.19942956647049,241.60303830911494,59.09615107481687,212.5649693767263,,,,,,,,,,
labeled-data/2020-06-07/rat2-control2_frame0159.png,266.5398913174014,341.6736519755014,273.26500240182554,20.789780232977023,91.68700312237303,10.221748528881903,274.2257325567432,186.03536687882792,287.6759547255916,209.09289059685358,278.06865317641416,208.13216044193587,282.8723039510029,193.72120811816978,176.23125675513393,186.03536687882792,144.52716164284863,213.8965413714423,179.11344721988712,211.97508106160683,147.40935210760182,181.23171610423924,,,,,,,296.3225261198512,540.5447940434731,171.4276059805453,545.3484448180617
labeled-data/2020-06-07/rat2-control2_frame0257.png,,,342.3297384583713,122.68729091252209,134.36940288905282,79.84901954056511,241.07564248829112,336.0997701109986,253.5376850692241,349.34069035323984,229.3924775686665,366.47599890202264,258.9898286983822,325.9743605139906,146.83144546998574,322.8588498687574,126.58062627596973,332.20538180445703,143.71593482475254,352.45620099847304,130.47501458251128,297.9347647068915,,,,,,,,,,
labeled-data/2020-06-07/rat2-control2_frame1452.png,1097.877124935608,257.72501499954535,,,939.4986515560136,82.9110396654645,,,,,,,,,1026.3057301621413,186.76220614230238,1024.1602270910948,194.94690304296108,1035.443983983265,194.39066150602312,1013.4327117358625,186.28542768206984,515.1638738220054,211.40678221872054,,,770.6612223872003,305.5373843216871,,,976.8520650889368,310.01979394563784
labeled-data/2020-06-07/rat2-control2_frame1511.png,,,,,,,,,,,,,,,,,,,,,,,581.1791915396502,185.62010726947676,,,,,,,1185.3397927335536,295.62622829611234
labeled-data/2020-06-07/rat2-control2_frame1732.png,,,,,1212.0342792642648,80.79366231326321,,,,,,,,,,,,,,,,,639.5025378018847,218.75311808733068,,,,,,,1241.3506636162542,329.1206827065847
labeled-data/2020-06-07/rat2-control2_frame2283.png,,,,,,,,,,,,,,,,,,,,,,,339.68856731115653,233.53132666540853,,,,,,,,
labeled-data/2020-06-07/rat2-control2_frame2294.png,,,,,,,,,,,,,,,,,,,,,,,351.5728533685602,228.56387139940625,,,,,,,,
labeled-data/2020-06-07/rat2-control3_frame04007.png,,,828.0642556286173,130.64308839126085,677.3422775067422,131.72741916911605,796.618663070816,297.6300281809642,809.6306324050786,310.6419975152268,792.2813399593952,320.40097451592374,812.8836247386441,291.12404351383293,727.221493288082,290.0397127359777,709.8722008423986,300.88302051452985,727.221493288082,311.726328293082,713.1251931759643,281.36506651313596,406.259583042938,174.01631950546948,,,,,,,,
labeled-data/2020-06-07/rat2-control3_frame05516.png,,,332.196936385939,123.72323251385319,390.32968870627394,84.96806430029653,,,,,,,,,469.131864073839,95.3027758239117,485.92577029971346,106.9293262879786,485.92577029971346,96.59461476436354,471.7155419547428,108.22116522843055,,,,,,,,,,
labeled-data/2020-06-07/rat2-control3_frame05672.png,,,176.99043968364577,195.28903548377298,,,,,,,,,,,,,,,,,,,1312.462940516954,386.4774237144328,764.5449986364049,670.9284403502922,,,88.39094269870594,614.9708633071724,,
labeled-data/2020-06-07/rat2-control3_frame06678.png,,,141.5723459829469,12.538412050301076,238.5426148158313,40.578007857400166,,,,,,,,,251.3940962274184,12.538412050301076,259.57231167115566,27.72652644581308,259.57231167115566,12.538412050301076,249.0574632434935,26.558209953850564,286.44359098629235,502.063022182573,,,,,,,,
labeled-data/2020-06-07/rat2-control3_frame07588.png,732.7098042483562,176.93813914729856,579.7835292869913,56.50869761522381,636.1750931789946,71.80132511136026,,,,,,,,,690.6550786339809,122.45815369231235,693.5224462895064,142.5297272809915,701.1687600375748,135.8392027514318,681.0971864488956,131.06025665888916,114.31417987333705,143.48551649950002,,,,,,,659.1140344231994,283.03074240174544
labeled-data/2020-06-07/rat2-control3_frame12617.png,,,,,348.6521685052067,84.49456158108728,,,,,,,,,386.92868723086684,50.35604487982289,400.37719381015273,59.66654943471315,400.37719381015273,49.321544373723896,385.89418672476785,62.7700509530099,,,,,,,,,460.37822316389014,29.6660347578445
labeled-data/2020-06-07/rat2-control4_frame0564.png,,,,,392.6568589270703,77.42345039372765,,,,,,,,,,,,,,,,,115.46905333767944,634.3896018116626,,,,,,,,
labeled-data/2020-06-07/rat2-control4_frame1164.png,36.77418866094928,51.31197297051585,226.81461167843372,34.31648798521246,138.7470985727702,14.230914820762905,137.20205448319717,51.31197297051585,129.47683403533193,71.39754613496552,117.11648131874762,54.40206114966202,144.9272749310624,68.30745795581936,,,,,,,,,643.9765158631558,154.8299269719098,,,,,,,144.9272749310624,228.99204327141598
labeled-data/2020-06-07/rat2-control4_frame1253.png,10.744204721068797,213.36305566497992,225.37042816884315,52.39338807914908,119.63545044089551,42.92458410351196,124.36985242871407,142.34702584770162,124.36985242871407,166.01903578679435,105.43224447743984,150.2376958273992,140.15119238810922,154.9720978152178,,,,,,,,,634.1071331171783,181.80037574618962,,,,,,,,
labeled-data/2020-06-07/rat2-control4_frame1605.png,,,,,87.57079380329048,144.6341419478805,,,,,,,,,76.89467995676716,91.25357271526377,99.77206677074582,80.57745886874045,84.52047556142668,76.00198150594474,95.19658940795,95.82905007805948,,,,,,,,,246.1873423802091,43.97363996637466
labeled-data/2020-06-07/rat2-control4_frame1990.png,,,,,210.91405110741303,51.21843744102637,,,,,,,,,,,,,,,,,470.74352150491507,463.6461682307124,,,,,,,,
labeled-data/2020-06-07/rat2-control4_frame2048.png,54.40060907245228,151.13323414441987,247.65075300748455,4.38713554134722,153.6092391139662,0.25344262295084263,143.27500681797514,82.92730099087908,152.57581588436707,108.76288173085663,131.90735129238502,101.52891912366294,167.0437410987545,94.2949565164692,,,,,,,,,527.7084482288415,351.6173406866459,,,,,160.8432017211599,236.90736220114542,45.09980000606035,186.26962395078937
labeled-data/2020-06-07/rat2-control4_frame2380.png,,,,,,,,,,,,,,,,,,,,,,,,,,,,,,,,
labeled-data/2020-06-07/rat2-lps1_frame00143.png,,,,,455.98703069603954,88.83449471228147,,,,,,,,,489.20420593315356,171.87743280506652,488.53986242841125,189.1503639283658,501.1623890185146,187.82167691888125,476.5816793430502,177.85652434774704,,,,,,,,,,
labeled-data/2020-06-07/rat2-lps1_frame05762.png,,,,,488.6644268355504,77.24598739432139,,,,,,,,,,,,,,,,,,,,,,,,,,
labeled-data/2020-06-07/rat2-lps1_frame11427.png,,,,,499.37951122693244,102.0666904033211,,,,,,,,,,,,,,,,,,,,,,,,,,
labeled-data/2020-06-07/rat2-lps2_frame0124.png,,,,,508.36707978546104,99.33730250598467,,,,,,,,,,,,,,,,,,,,,,,,,,
labeled-data/2020-06-07/rat2-lps2_frame0309.png,,,,,493.67707039180635,96.50674828035517,,,,,,,,,,,,,,,,,,,,,,,,,,
labeled-data/2020-06-07/rat2-lps2_frame1237.png,,,,,498.94361534498944,101.96503105966485,,,,,,,,,,,,,,,,,,,,,,,,,,
labeled-data/2020-06-07/rat2-lps3_frame03066.png,,,403.56434653495353,243.2067191903276,125.40295748613661,127.62367625223476,,,,,,,,,,,,,,,,,,,,,,,,,,
labeled-data/2020-06-07/rat2-lps3_frame08202.png,,,,,,,,,,,,,,,,,,,,,,,,,,,,,,,,
labeled-data/2020-06-07/rat2-lps3_frame11051.png,,,,,,,,,,,,,,,,,,,,,,,,,,,,,,,,
labeled-data/2020-06-07/rat2-lps4_frame0556.png,,,,,,,,,,,,,,,,,,,,,,,,,,,,,,,,
labeled-data/2020-06-07/rat2-lps4_frame1377.png,,,,,,,,,,,,,,,,,,,,,,,,,,,,,,,,
labeled-data/2020-06-07/rat2-lps4_frame1982.png,,,,,,,,,,,,,,,,,,,,,,,,,,,,,,,,
labeled-data/2020-06-07/rat3-control1_frame00906.png,58.64470773612905,343.76490348777304,237.70437259476972,87.6795727402199,101.6590406351321,82.67790612405673,140.67204024120468,228.72657131602062,164.68003999878778,253.73490439683638,131.66904033211097,251.7342377503711,166.680706645253,225.72557134632274,69.64837429168796,216.72257143722908,53.643041119965886,241.73090451804484,71.64904093815323,238.72990454834695,57.64437441289641,223.72490469985746,,,,,,,220.698706099815,380.77723644738035,,
labeled-data/2020-06-07/rat3-control1_frame01263.png,,,,,,,,,,,,,,,,,,,,,,,364.3292692446258,218.57385613065935,,,,,,,,
labeled-data/2020-06-07/rat3-control1_frame04931.png,337.33554444234755,553.3924325344404,306.2542083411964,266.7534440460464,122.06851292696723,336.97424042272127,314.31233251556887,412.9508397810908,331.5797414606529,441.7298546895641,312.01001132289105,438.2763729005473,326.9750990752971,418.7066427627854,229.12644838648794,456.69494244197017,218.76600301943756,488.92743913946026,,,210.707878845065,454.39262124929235,783.9858558218532,305.8929043215701,406.4051802226835,587.9272504246085,,,,,,
labeled-data/2020-06-07/rat3-control1_frame06758.png,,,,,250.48900790885114,153.48156692221448,,,,,,,,,,,,,,,,,,,,,,,,,158.99668949425762,369.91500833308083
labeled-data/2020-06-07/rat3-control1_frame08265.png,,,92.35568619132746,1.1461737523106876,,,27.341656313444986,91.44343747159189,36.97336444350165,113.1147807642194,15.30202115087414,111.91081724796231,50.21696312232956,93.85136450410607,,,,,,,,,788.2465985879217,390.02638950334847,,,,,,,,
labeled-data/2020-06-07/rat3-control1_frame08755.png,990.6314657131604,168.83185903457462,838.2728099148512,65.12554710463303,895.8874276537076,62.5648974273505,,,,,,,,,949.6610708766402,121.45984000484816,952.2217205539228,136.8237380685432,961.1839944244116,130.422113875337,939.4184721675103,129.14178903669574,378.6361928426411,184.19575709826967,,,,,,,,
labeled-data/2020-06-07/rat3-control2_frame0114.png,,,,,,,,,,,,,,,,,,,,,,,,,,,,,,,,
labeled-data/2020-06-07/rat3-control2_frame1861.png,66.48319747886407,236.47118269143357,224.16932820217556,82.79402139329102,,,139.98097027362792,170.99134874700763,153.3442016908577,187.02722644768335,134.63567770673598,187.02722644768335,160.0258173994726,169.65502560528466,,,,,,,,,,,,,,,,,,
labeled-data/2020-06-07/rat3-control2_frame1889.png,398.0265598012181,382.1081542983546,478.18049453046876,102.16754643798674,293.94607739159414,127.29042150237876,432.7200539377594,261.2790885124693,447.0759825459834,291.18727311293594,429.1310717857034,292.3836004969546,447.0759825459834,264.8680706645253,357.3514287445835,267.26072543256265,335.8175358322475,298.365237417048,359.7440835126208,299.56156480106665,337.01386321626615,267.26072543256265,,,,,,,,,,
labeled-data/2020-06-07/rat3-control2_frame2685.png,,,86.11511091286519,130.02205390382397,,,28.642860574036234,228.66845373912741,37.220808385801746,246.682144143835,22.638297105800376,250.1133232685412,44.083166635214155,231.24183808265707,,,,,,,,,466.97599375525397,281.8517301720736,,,,,,,,
labeled-data/2020-06-07/rat3-control2_frame3144.png,326.39223052376946,427.22118238432637,325.59448137727526,84.9867985383176,126.95494390022128,101.73953061469564,323.998983084287,281.23308857588904,,,,,339.9539660141708,287.6150817478426,240.23532270239667,294.79482406629035,215.5050991610767,322.7160441935871,247.4150650208444,330.693535658529,211.51635342860573,293.19932577330195,,,,,,,,,,
labeled-data/2020-06-07/rat3-control2_frame3183.png,413.22658048688436,18.96494192729324,,,148.83364185352298,93.62739968090028,,,,,,,,,266.5368105474447,60.24888915575832,274.44224725076776,96.26254524867466,298.15855736073706,59.37050729983355,255.11784642042238,95.38416339274988,,,,,,,,,210.32037176825816,471.3315977285595
labeled-data/2020-06-07/rat3-control2_frame3662.png,77.51915412856621,440.23468407418204,262.39108536773654,102.84340956269614,72.89735584758697,86.66711557926874,164.5630217536756,293.1074387963423,183.82051459108916,329.31152533067984,151.46792662423437,332.392724184666,189.21261258556498,297.7292370773216,69.8161569936008,276.9311448129149,58.26166129115265,314.6758307742455,75.20825498807662,312.3649316337559,55.18046243716648,283.8638422343838,,,,,,,,,,
labeled-data/2020-06-07/rat3-control3_frame00713.png,,,,,,,,,,,,,,,,,,,,,,,406.91811834136786,359.313206608451,,,,,,,,
labeled-data/2020-06-07/rat3-control3_frame00931.png,1087.7166146480408,38.38393745644055,677.4272294778946,11.03131177843079,590.8105814975304,33.825166510105646,,,,,,,,,823.3078997606134,45.98188903366554,840.0233932305081,85.49123723523519,873.4543801702979,47.50147934911047,802.0336353443835,76.37369534256527,,,,,,,,,733.6520711493591,615.8282573255356
labeled-data/2020-06-07/rat3-control3_frame04157.png,,,,,,,,,,,,,,,,,,,,,,,,,,,,,,,,
labeled-data/2020-06-07/rat3-control3_frame06305.png,17.952872640222964,302.0774985606497,115.09338353383224,115.44533589891216,,,58.4918260052725,236.2973100815127,73.7895442562346,255.41945789521532,54.667396442531995,256.1843438077634,79.14374564407133,236.2973100815127,,,,,,,,,544.1943804733189,35.89720099390934,,,,,,,,
labeled-data/2020-06-07/rat3-control3_frame07600.png,,,,,520.1655404381686,91.72058240659379,,,,,,,,,548.3250507560376,214.25250568164603,536.9090330596043,227.95172691736616,549.0861186024665,229.47386261022396,536.1479652131754,208.16396291021488,,,,,,,,,,
labeled-data/2020-06-07/rat3-control3_frame09573.png,,,287.1795097118269,32.90029332444465,,,177.80209690615428,17.113862610223805,169.90888154904385,31.77269113057173,154.12245083482307,17.113862610223805,187.95051665101047,32.90029332444465,,,,,,,,,531.8691857822491,289.9935935274688,,,,,,,,
labeled-data/2020-06-07/rat3-control3_frame11009.png,649.8208614890458,287.6268643374443,,,489.767529771825,95.06269961516318,,,,,,,,,581.4647510681494,209.2674206842217,568.9605845277415,235.1093648677313,595.636139813945,233.4421426623436,557.2900290900276,215.93630950577256,,,,,,,,,,
labeled-data/2020-06-07/rat3-control4_frame0154.png,14.446543944826573,391.9092024224125,248.68456484070745,90.03406303076048,80.65972310384458,73.6587606581001,106.29063116539996,281.55390382404914,125.51381221156643,312.88056923261684,88.49138945598648,313.5925389009933,136.90532690559107,277.2820858137899,,,,,,,,,,,,,,,223.76562644752866,385.50147540702363,,
labeled-data/2020-06-07/rat3-control4_frame0300.png,,,,,602.0738765491956,186.7532359625465,,,,,,,,,,,,,,,,,116.79003666555549,247.31540074543187,,,,,,,,
labeled-data/2020-06-07/rat3-control4_frame0446.png,796.2016984333807,208.55139753340814,,,626.423752310536,90.02717099481839,,,,,,,,,710.7788324596224,154.09432047513718,715.0499757583102,175.45003696857674,729.998977303718,169.04332202054485,697.9654025635587,164.77217872185696,128.83555801339344,227.77154237750375,,,,,,,628.55932395988,323.87226659798193
labeled-data/2020-06-07/rat3-control4_frame0588.png,,,134.3595042574467,148.33985515590427,54.74518953971088,149.36055149843935,60.8693675949213,267.761327232508,80.26259810308773,285.11316505560427,57.807278567316104,291.2373431108147,82.30399078815788,266.7406308899729,,,,,,,,,529.3689888185206,218.7679027908244,,,,,,,,
labeled-data/2020-06-07/rat3-control4_frame1084.png,,,,,,,,,,,,,,,,,,,,,,,,,,,,,,,,
labeled-data/2020-06-07/rat3-control4_frame1238.png,101.47577346141016,267.33417775218925,198.07284627738545,79.4089633647464,57.56801309051228,78.53080815732847,146.26168903972598,178.64050180297556,158.55586194357738,197.95991636617066,144.50537862489006,197.08176115875267,161.19032756583124,182.1531226326474,76.88742765370735,177.76234659555763,61.95878912760206,197.08176115875267,76.88742765370735,196.20360595133474,62.83694433502002,181.27496742522948,396.5359231538438,193.56914032908088,285.0102118117632,336.7084391382079,,,,,,
labeled-data/2020-06-07/rat3-control4_frame1290.png,674.4982955061969,279.38889276082546,,,594.0070982697495,94.52449471228147,,,,,,,,,650.6162919305476,193.59058361867824,645.3091800248478,213.04999393957763,657.6924411381474,213.93451259052756,633.8104375624981,195.3596209205782,,,,,,,,,,
labeled-data/2020-06-07/rat3-lps1_frame00792.png,10.92779006696756,155.67414563195064,481.09972425078024,43.72844701675717,,,232.95342565376794,109.03010454228672,218.02733250507546,146.34533741401788,186.30938456410402,131.41924426532535,255.34256537680668,140.74805248325822,,,,,,,,,,,915.8221872064482,676.2216441926003,,,,,,
labeled-data/2020-06-07/rat3-lps1_frame11717.png,61.85140601799924,524.751867216145,357.37354171085707,129.46748189448806,75.02755219538778,135.11440168479749,203.02440077573385,338.4035141359353,221.84746674343182,360.9911932971728,186.0836414048057,368.52041968425203,235.02361292082037,328.9919811520863,,,,,,,,,799.715591951759,362.8734998939426,,,,,,,,
labeled-data/2020-06-07/rat3-lps1_frame11964.png,58.32446744038043,534.1444365322263,360.71530408169434,150.48606254355923,82.8937229174872,141.0363488985181,211.40982849004558,343.2602209023969,228.4193130511195,371.60936183752005,188.73051574194704,381.05907548256107,239.7589694251688,337.5903927153722,,,,,,,,,802.9619026696159,375.3892472955365,,,,,,,,
labeled-data/2020-06-07/rat3-lps2_frame1069.png,470.9269643344139,495.90153783218693,375.1571391776006,105.16065119238806,78.2706811914789,143.46858125511346,,,,,,,,,275.5565210145146,336.9236280718766,260.23334898942437,361.8237826126481,306.20286506469483,363.7391791157844,237.2485909517892,338.8390245750129,821.4445244083512,335.00823156874037,,,,,,,,
labeled-data/2020-06-07/rat3-lps2_frame1447.png,344.0715584376229,490.06080846034985,245.67744916820683,56.511764491985105,,,,,,,,,,,142.6711160267868,313.2588933668678,133.44666828277903,344.0070525135603,173.41927517347935,340.93223659889105,98.08628526408265,319.40852519620626,679.2264931365717,297.8848137935215,,,,,,,,
labeled-data/2020-06-07/rat3-lps2_frame3016.png,489.46431168752446,515.308695797097,370.394101693888,87.04003727159761,68.8776021938728,163.85952759007284,,,,,,,,,274.3697387957939,357.82874064422276,266.68778976394645,384.71556225568906,314.6999712129934,382.79507499772717,239.8009681524801,361.66971516014655,829.3905563467772,330.94191903275646,,,,,,,,
labeled-data/2020-06-07/rat4-control1_frame03389.png,,,,,,,,,,,,,,,,,,,,,,,,,,,,,,,,
labeled-data/2020-06-07/rat4-control1_frame05671.png,273.72798812812005,15.812374547513173,,,,,,,,,,,,,,,,,,,,,,,,,,,216.7223781502512,561.0198751050798,,
labeled-data/2020-06-07/rat4-control1_frame07649.png,,,,,,,,,,,,,,,,,,,,,,,407.91471470561487,228.35820187267046,,,,,,,,
labeled-data/2020-06-07/rat4-control1_frame07895.png,,,1190.0040377564317,58.10343777461276,1431.3821778127938,112.20543468379742,,,,,,,,,1414.7354095330445,12.324825005302728,1450.1097921275114,24.809901215114678,1435.5438698827309,6.082286900396866,1433.4630238477623,39.37582345989517,509.56738432168714,547.1022559922427,,,,,,,,
labeled-data/2020-06-07/rat4-control1_frame09020.png,,,,,,,,,,,,,,,,,,,,,,,,,,,,,,,,
labeled-data/2020-06-07/rat4-control1_frame09388.png,,,,,162.6673115853763,23.99614850143257,,,,,,,,,,,,,,,,,,,,,,,,,,
labeled-data/2020-06-07/rat4-control2_frame0388.png,,,,,,,,,,,,,,,,,,,,,,,,,,,,,,,,
labeled-data/2020-06-07/rat4-control2_frame0392.png,,,,,,,,,,,,,,,,,,,,,,,,,,,,,,,,
labeled-data/2020-06-07/rat4-control2_frame0470.png,,,,,527.2230765734372,48.343162025393156,,,,,,,,,,,,,,,,,,,,,,,,,,
labeled-data/2020-06-07/rat4-control2_frame0669.png,,,,,,,,,,,,,,,,,,,,,,,,,,,,,,,,
labeled-data/2020-06-07/rat4-control2_frame0989.png,,,,,,,,,,,,,,,,,,,,,,,,,,,,,,,,
labeled-data/2020-06-07/rat4-control2_frame1527.png,316.7546033556932,242.88890699788976,283.3692304723018,41.62280190087313,146.012267752063,46.39214088421477,,,,,,,,,229.95263385887557,149.40986292439385,212.78301351884573,174.2104256377703,241.39904741889546,169.44108665442866,208.9675423321725,158.94854089107713,,,,,,,,,,
labeled-data/2020-06-07/rat4-control2_frame1604.png,18.511669011305628,19.34223438384595,238.210068366244,137.2855856164971,,,,,,,,,,,,,,,,,,,,,,,,,290.24389979241363,500.3660982346583,194.27038849525633,523.4922455351781
labeled-data/2020-06-07/rat4-lps1_frame02967.png,,,,,,,,,,,,,,,,,,,,,,,,,,,,,,,,
labeled-data/2020-06-07/rat4-lps1_frame08562.png,,,,,,,,,,,,,,,,,,,,,,,560.8185585285294,167.56162085997403,,,,,,,,
labeled-data/2020-06-07/rat4-lps1_frame12643.png,,,,,411.3762689009424,127.78544256234659,,,,,,,,,469.59795915275294,77.1578858216418,491.53656707372505,84.75201933274752,484.7862261749644,58.594448350050016,478.8796778885489,102.4716641919942,,,,,,,,,,
labeled-data/2020-06-07/rat4-lps2_frame0138.png,,,208.6862746583435,232.28391412381438,,,,,,,,,,,,,,,,,,,1219.5192797187967,425.4653328687009,,,,,,,,
labeled-data/2020-06-07/rat4-lps2_frame0811.png,,,,,,,,,,,,,,,,,,,,,,,1074.3796324353807,702.9730999060636,,,,,,,,
labeled-data/2020-06-07/rat4-lps2_frame1113.png,21.273635647404546,117.4753743825944,218.80764976818875,79.76433532317196,,,105.6745325899214,115.67961061786002,87.71689494257743,146.20759461834484,80.53383988363981,130.04572073573524,114.65335141359344,144.41183085361047,,,,,,,,,1052.0420366049511,483.8111823884125,,,,,,,,
labeled-data/2020-06-07/rat5-control1_frame00268.png,165.91995697100083,75.60439986667063,296.116011636011,31.0857489166994,,,238.15776794642585,57.96493439592729,236.4778188539741,82.32419623647758,225.55814975303775,69.72457804308954,245.7175388624587,73.08447622799298,,,,,,,,,,,,,,,126.44115329838486,320.03699281839937,0.44497136450407027,157.92190539680604
labeled-data/2020-06-07/rat5-control1_frame01903.png,,,,,793.9997878852156,4.956440713917914,,,,,,,,,,,,,,,,,,,,,,,887.0969667585831,440.21597830368785,837.5257416441926,241.93107784612596
labeled-data/2020-06-07/rat5-control1_frame06498.png,,,,,,,,,,,,,,,,,,,,,,,244.7474948103416,275.6313455368937,,,,,,,,
labeled-data/2020-06-07/rat5-control1_frame08434.png,88.95130299027261,23.558879033779817,,,,,,,,,,,,,,,,,,,,,,,,,,,,,,
labeled-data/2020-06-07/rat5-control1_frame09345.png,,,,,179.81549992279827,270.5587589425104,,,,,,,,,,,,,,,,,,,,,,,486.1099980270718,360.7850452057846,386.38620794661085,306.1743982569608
labeled-data/2020-06-07/rat5-control1_frame12286.png,,,,,,,,,,,,,,,,,,,,,,,,,,,,,,,,
labeled-data/2020-06-07/rat5-control2_frame0480.png,,,,,,,,,,,,,,,,,,,,,,,,,,,,,,,,
labeled-data/2020-06-07/rat5-control2_frame0807.png,236.16233380226106,111.19387019849341,,,,,,,,,,,,,,,,,,,,,,,,,,,410.07336332755756,423.8429120417229,,
labeled-data/2020-06-07/rat5-control2_frame0870.png,33.978660639228565,308.30570948206343,252.8604393624869,36.22349843023551,,,128.21942647840922,159.34449896206831,146.45957470534745,180.62467189349616,116.05932766045044,180.62467189349616,163.17971058004082,163.9045360188028,,,,,,,,,,,,,,,347.10120520166765,407.1065123779787,213.3401182041208,483.1071299902211
labeled-data/2020-06-07/rat5-control2_frame0924.png,,,,,,,,,,,,,,,,,,,,,,,,,,,,,,,,
labeled-data/2020-06-07/rat5-control2_frame0942.png,,,,,,,,,,,,,,,,,,,,,,,576.6111936001938,171.32279082452027,,,,,,,,
labeled-data/2020-06-07/rat5-control2_frame1374.png,,,,,,,,,,,,,,,,,,,,,,,,,,,,,,,,
labeled-data/2020-06-07/rat5-lps1_frame03207.png,,,643.8817005545286,15.131312384473063,,,,,,,,,,,,,,,,,,,873.0573012939003,330.94646950092414,,,,,,,,
labeled-data/2020-06-07/rat5-lps1_frame05576.png,,,,,,,,,,,,,,,,,,,,,,,879.8052559013361,349.53693918366116,,,,,,,,
labeled-data/2020-06-07/rat5-lps1_frame06012.png,867.2245689524559,102.94389988182172,,,560.1807824005333,102.94389988182172,,,,,,,,,707.9093966849489,118.87541710857238,726.7375534074725,146.3934923184146,741.2207508863368,120.32373685645882,694.8745189539711,140.6002133268688,916.4674403805946,391.15952971122084,,,,,,,,
labeled-data/2020-06-07/rat5-lps2_frame0421.png,15.515832853549838,245.7651204508954,244.97142510832998,64.88041998727311,136.94306233144448,45.61954910457257,121.03190812399619,156.1601993878973,138.6179206690706,182.1205036211024,106.79561225417406,181.28307445228933,150.3419290324535,166.20934941365414,,,,,,,,,,,,,,,,,,
labeled-data/2020-06-07/rat5-lps2_frame1787.png,,,,,,,,,,,,,,,,,,,,,,,,,,,,,,,,
labeled-data/2020-06-07/rat5-lps2_frame1788.png,,,,,,,,,,,,,,,,,,,,,,,,,,,,,,,,
labeled-data/2020-06-07/rat6-control1_frame01585.png,,,,,889.5540432157009,5.88034620597341,,,,,,,,,,,,,,,,,193.23741400607304,562.6269021599271,357.34728036164614,797.2886736777093,522.990883785963,818.7609926401208,,,858.8793018408276,318.76270822968297
labeled-data/2020-06-07/rat6-control1_frame03009.png,,,71.27741583588372,60.75600678767307,,,30.497924305324005,175.37944244113817,39.31511166328286,189.7073718978213,24.987182206599726,194.1159655768007,41.51940850277259,172.0729971819036,,,,,,,,,,,,,,,,,,
labeled-data/2020-06-07/rat6-control1_frame03374.png,,,,,,,,,,,,,,,,,,,,,,,559.5468243386564,322.1693060816338,,,,,,,,
labeled-data/2020-06-07/rat6-control1_frame05488.png,,,,,,,,,,,,,,,,,,,,,,,872.3840489682132,430.6733941395716,,,,,,,,
labeled-data/2020-06-07/rat6-control1_frame06647.png,,,,,,,,,,,,,,,,,,,,,,,831.0009848186419,449.0027144631981,,,,,,,,
labeled-data/2020-06-07/rat6-control1_frame10318.png,,,,,,,,,,,,,,,,,,,,,,,398.3110685549589,479.3828595446827,,,,,,,,
labeled-data/2020-06-07/rat6-control1_frame11602.png,,,,,1004.6016105572561,39.976099815157,,,,,,,,,1056.8238462470838,54.09021756916445,1070.9379640010914,69.61574709857268,1070.9379640010914,58.324452895366676,1049.76678737008,71.02715887397335,521.8987833702008,181.11727735523158,,,,,,,,
labeled-data/2020-06-07/rat6-control2_frame0109.png,,,,,,,,,,,,,,,,,,,,,,,474.0417108572467,136.55328747613692,,,627.6348747007667,617.7212520832702,,,,
labeled-data/2020-06-07/rat6-control2_frame0497.png,31.62868165520075,418.6776836109729,113.63386273567909,77.536130316183,76.73153124946384,75.07597488376865,43.109407006467706,284.1891866389884,69.35106495222078,303.05037828749846,40.64925157405335,318.63136269278937,70.99116857383035,280.0889275849645,,,,,,,,,,,,,,,,,,
labeled-data/2020-06-07/rat6-control2_frame0512.png,,,80.71169813035958,105.63203266567672,,,29.706152843853104,317.17962213266264,58.97162964758634,338.0835341353292,30.54230932395977,359.8236026181025,62.31625556801298,306.309587891276,,,,,,,,,,,,,,,,,,
labeled-data/2020-06-07/rat6-control2_frame0728.png,,,255.8789990392699,57.403069189727034,292.1019570587934,57.403069189727034,164.65080847158134,26.546475321244202,137.81898771637879,42.645567774365645,135.13580564085856,22.521702207963813,163.30921743382117,50.695114000926424,,,,,,,,,156.60126224502056,632.9456243888212,,,,,,,,
labeled-data/2020-06-07/rat6-control2_frame0844.png,,,,,556.367326596785,9.337465044862597,,,,,,,,,,,,,,,,,98.8607644667089,518.3940623445246,,,,,,,,
labeled-data/2020-06-07/rat6-control2_frame1204.png,,,,,,,,,,,,,,,,,,,,,,,857.3621859943636,353.9391048756098,,,,,,,,
labeled-data/2020-06-07/rat6-control2_frame2489.png,,,,,,,,,,,,,,,,,,,,,,,443.4432517196447,221.49490469985756,,,,,,,,
labeled-data/2020-06-07/rat6-control3_frame03642.png,295.9593894216746,6.10872548851421,,,,,408.7525407881416,93.48370189915772,392.8661814407519,104.60415344233058,389.68890957127405,85.54052222546284,408.7525407881416,112.54733311602547,,,,,,,,,,,,,,,251.47758324898336,188.80185798349612,,
labeled-data/2020-06-07/rat6-control3_frame04211.png,,,,,,,,,,,,,,,,,,,,,,,803.5288854883187,278.48203599890917,,,,,,,,
labeled-data/2020-06-07/rat6-control3_frame06545.png,1563.3760643616856,488.1343783521711,,,,,,,,,,,,,,,,,,,,,771.8145965273778,223.55766855549825,,,,,,,1370.3651859034571,529.3389479106694
labeled-data/2020-06-07/rat6-control3_frame07830.png,,,,,753.2031892809965,73.35921872051335,,,,,,,,,,,,,,,,,603.7410266087942,483.34223438384606,,,,,,,,
labeled-data/2020-06-07/rat6-control3_frame08453.png,,,,,,,,,,,,,,,,,,,,,,,384.70305031824194,401.23892158040104,,,,,,,,
labeled-data/2020-06-07/rat6-control3_frame10633.png,,,,,1356.4184267143419,203.6412387503408,,,,,,,,,1510.729386988273,460.8261725402259,1482.8676858277022,503.6903281718735,1538.591088148844,518.6927826429501,1463.5788157934608,454.39654919547877,,,,,724.172131147541,760.8752619617587,,,,
labeled-data/2020-06-07/rat6-control4_frame01943.png,,,54.07766431320235,81.26259204266535,,,,,,,,,,,,,,,,,,,608.829944547135,139.16992818399444,,,,,,,,
labeled-data/2020-06-07/rat6-control4_frame05069.png,847.1057467955518,362.9328720341808,762.0315975273477,151.33819308505804,681.3202251446926,156.7916641919942,,,,,,,,,778.3920108481561,273.4959458804279,763.122291748735,296.4005245295597,789.2989530620284,296.4005245295597,755.4874321990244,274.5866401018151,282.1261401169661,216.77984636829189,,,,,,,,
labeled-data/2020-06-07/rat6-control4_frame06039.png,,,251.55858180788812,98.87422155123579,,,,,,,,,,,,,,,,,,,530.8565625589732,664.4526325721833,250.1620919041327,742.6560671824872,,,,,,
labeled-data/2020-06-07/rat6-control4_frame06685.png,,,350.103149393539,61.10538008886749,447.2689954365317,24.249369520835785,,,,,,,,,,,,,,,,,227.24978083343336,500.02696048997234,,,431.63311216524556,621.7634802449862,,,,
labeled-data/2020-06-07/rat6-control4_frame08007.png,,,,,441.93266182298544,24.452083583523518,,,,,,,,,478.0801339017653,20.320943917377235,492.5391227332773,38.911072415035505,494.6046925663504,20.320943917377235,479.11291881830186,40.97664224810865,,,,,,,,,,
labeled-data/2020-06-07/rat6-control4_frame08242.png,,,,,,,,,,,,,,,,,,,,,,,481.96419178575695,418.62957847964447,,,,,20.165224570673587,155.34147952443845,100.61436591809763,136.53518674192367
labeled-data/2020-06-07/rat6-control4_frame10732.png,,,,,,,,,,,,,,,,,,,,,,,,,,,,,,,,
labeled-data/2020-06-07/rat6-control5_frame0002.png,,,,,689.8612390533619,36.953465349534895,,,,,,,,,,,,,,,,,462.4190403321111,263.40678494591083,,,,,,,,
labeled-data/2020-06-07/rat6-control5_frame0055.png,472.8709649333492,5.444998198630742,,,405.70391797766297,199.80070853848918,,,,,,,,,,,,,,,,,275.6570823826107,682.8318121772548,,,,,,,558.6161312597574,238.3860333853728
labeled-data/2020-06-07/rat6-control5_frame0544.png,,,139.12494724562083,17.770068108905548,283.8383580092297,32.46752388958453,,,,,,,,,,,,,,,,,202.43706445469974,534.4421674758531,,,,,,,,
labeled-data/2020-06-07/rat6-control5_frame0624.png,,,101.3780301600645,2.107627511194096,,,40.31333527766816,34.29037211137597,36.18734238020892,53.26993943968836,26.28495942630684,46.66835080375364,49.39051965207841,42.5423579062944,,,,,,,,,241.66178867367768,386.65016555439274,,,,,,,,
labeled-data/2020-06-07/rat6-control5_frame0671.png,,,33.46839540908232,52.099838734581,,,,,,,,,,,,,,,,,,,223.89540565115203,343.7380552076721,,,,,,,,
labeled-data/2020-06-07/rat6-control5_frame0925.png,,,588.5434456531619,17.47193206266479,690.2198190963909,10.425054695312383,,,,,,,,,,,,,,,,,261.3669964546528,447.33145147116755,,,,,,,765.7220766037391,197.67065331353598
labeled-data/2020-06-07/rat6-control5_frame1258.png,,,,,,,,,,,,,,,,,,,,,,,444.88600345444064,257.9758770946334,,,,,,,,
labeled-data/2020-06-07/rat6-lps1_frame01211.png,,,145.12088270052413,38.48074815914663,,,,,,,,,,,,,,,,,,,,,,,,,,,,
labeled-data/2020-06-07/rat6-lps1_frame01434.png,,,238.9379261234507,32.33688857913364,,,125.43954728644573,192.98074785612528,121.94728947607635,219.17268143389572,107.97825823459883,213.93429471834168,137.6624496227386,205.2036501924182,,,,,,,,,1010.7269022150842,488.0765328323382,,,,,,,,
labeled-data/2020-06-07/rat6-lps1_frame11768.png,,,,,,,,,,,,,,,,,,,,,,,,,,,,,,,,
labeled-data/2020-06-07/rat6-lps2_frame0328.png,,,,,,,,,,,,,,,,,,,,,,,,,,,,,,,,
labeled-data/2020-06-07/rat6-lps2_frame0393.png,,,,,,,,,,,,,,,,,,,,,,,,,,,,,,,,
labeled-data/2020-06-07/rat6-lps2_frame1154.png,,,,,,,,,,,,,,,,,,,,,,,,,,,,,,,,
